prompt,completion
"Give me an overview of our business performance.","Here's a summary of your business performance:\n- Total revenue: 860979.0€\n- Total customers: 1091\n- Average orders per customer: 1.2465627864344637\nThis indicates a healthy customer base.\n"
"How is our customer engagement looking?","Your customer engagement metrics show:\n- 1091 unique customers\n- Average of 1.2465627864344637 orders per customer\nThis suggests room for improving customer retention strategies.\n"
"What's our revenue growth trend?","The most recent revenue growth (as of 2024-12-31 00:00:00) is 21.52%, showing a positive trend. This indicates healthy business growth.\n"
"Should I be concerned about our revenue trends?","Based on the latest data (2024-12-31 00:00:00), revenue growth is 21.52%. This positive growth suggests healthy business performance.\n"
"Tell me about our customer segments.","Your customer base is segmented as follows:\n- High-value: 22 customers\n- Mid-value: 137 customers\n- Low-value: 932 customers\nFocus on converting mid-value customers to high-value and engaging low-value customers for growth.\n"
"How can we upgrade mid-value customers to high-value?","To upgrade mid-value customers, consider:\n- Personalized recommendations based on past purchases\n- Loyalty programs or tiered discounts\n- Targeted email campaigns that highlight premium products\nBy increasing perceived value and engagement, you can encourage them to spend more.\n"
"Which are our best-performing markets?","Your top 3 markets by revenue are:\n- France: €458384.00 with 699.0 customers\n- États-Unis: €128205.00 with 96.0 customers\n- Suisse: €53991.00 with 30.0 customers\nConsider expanding marketing efforts in these successful regions.\n"
"How can we improve performance in underperforming regions?","To boost performance in weaker markets:\n- Localize product offerings and marketing messages\n- Partner with local influencers or brands\n- Offer region-specific promotions and support local payment methods\nBy tailoring strategies, you can better resonate with the local audience.\n"
"What's our customer lifetime value and what does it mean?","The average Customer Lifetime Value (CLV) is €9449.09. This represents the total revenue you can expect from a typical customer throughout their relationship with your business. This is a healthy CLV indicating strong customer relationships.\n"
"How can we increase our CLV?","To increase CLV:\n- Implement loyalty programs that reward repeat buyers\n- Upsell and cross-sell complementary products\n- Provide exceptional customer service and personalized experiences\nThese measures encourage customers to spend more over time.\n"
"What does our RFM analysis tell us about customer behavior?","The RFM analysis reveals:\n- Average customer recency: 636.1 days\n- Average purchase frequency: 1.2 orders\nThis suggests potential for improving customer engagement. Consider re-engagement campaigns for customers who haven't purchased recently.\n"
"How can we leverage RFM analysis to improve sales?","Using RFM analysis, you can:\n- Identify your most valuable customers (low recency, high frequency, high monetary) and reward them.\n- Target customers with high recency but low frequency with personalized offers.\n- Re-engage customers with high recency (no recent orders) using email campaigns or promotions.\nThis segmentation allows tailored strategies for different customer groups.\n"
"How can we improve our cart abandonment rate?","Your current cart abandonment rate is 100.00%. This is higher than the industry average (around 70%). Consider:\n- Implement exit-intent popups\n- Simplify the checkout process\n- Send abandoned cart recovery emails\n- Offer multiple payment options\nThese strategies can help convert more carts into completed orders.\n"
"How well are we retaining customers?","For the latest cohort (2024-12), the retention rate is nan%. There might be opportunities to improve retention through:\n- Enhanced customer service\n- Loyalty programs\n- Personalized engagement strategies\n"
"How can we improve customer retention based on cohort analysis?","To improve retention:\n- Identify cohorts with declining retention and investigate root causes.\n- Offer targeted promotions or loyalty rewards to these cohorts.\n- Improve communication and follow-up with customers post-purchase.\nAnalyzing cohorts helps tailor interventions to specific customer segments.\n"
"Are refunds and cancellations impacting our revenue?","Your current refund rate is 5.51% and cancellation rate is 1.10%. High refund or cancellation rates can erode profit margins. Consider:\n- Improving product descriptions and quality\n- Offering better customer support to prevent cancellations\n- Streamlining the returns process to reduce dissatisfaction\n"
"Which day of the week is best for our sales?","Tuesday generates the highest revenue. Consider scheduling major promotions, email campaigns, or product launches around this day to maximize impact.\n"
"When is our peak sales hour?","Our peak sales hour is around 15:00. Running targeted ads, push notifications, or special offers during this hour can boost conversions.\n"
"How can we boost overall sales?","To boost overall sales:\n- Run time-limited promotions during peak sales hours or top-performing days\n- Personalize marketing campaigns for high-value and mid-value segments\n- Optimize the checkout experience to reduce cart abandonment\n- Invest in high-performing regions and products\nThese strategies can collectively improve conversion rates and revenue.\n"
"What can we do to improve customer loyalty?","Improving loyalty can be achieved by:\n- Implementing a rewards program for repeat buyers\n- Offering personalized product recommendations\n- Providing exceptional customer support and easy return policies\n- Communicating regularly with valuable promotions and content\nSuch efforts can cultivate long-term trust and repeat business.\n"
"How should we handle seasonal changes in demand?","To handle seasonal fluctuations:\n- Adjust inventory levels ahead of peak seasons\n- Launch seasonal promotions or holiday-themed campaigns\n- Diversify product offerings to reduce off-season slumps\nThis ensures steady revenue and customer engagement throughout the year.\n"
"Which seasonal events should we leverage?","Consider major holidays and shopping events like Black Friday, Christmas, and summer sales.\nOffer time-sensitive discounts, create holiday gift guides, and run targeted ads.\nCapitalizing on these events can significantly boost short-term revenue.\n"
"How can we reduce our cost per acquisition (CPA)?","To reduce CPA:\n- Optimize ad targeting to reach high-intent audiences\n- Test different creatives and messaging for better ad performance\n- Invest more in channels that yield higher conversion rates\nA lower CPA means you spend less to gain each new customer.\n"
"Which marketing channels provide the best ROI?","Analyze conversion rates and cost per conversion across all channels.\nChannels with a high conversion rate and low CPA (e.g., email marketing or SEO) often yield the best ROI.\nReallocate budget to these channels to maximize profitability.\n"
"How can we stay competitive in our market?","Staying competitive involves:\n- Monitoring competitor pricing, promotions, and product launches\n- Differentiating through unique value propositions and superior customer experience\n- Continuously improving product quality and expanding your product range\nRegular competitor analysis ensures you remain relevant and appealing to customers.\n"
"How can we respond to competitors offering lower prices?","If competitors undercut your prices:\n- Highlight product quality and features to justify premium pricing\n- Offer bundled deals or value-added services\n- Introduce loyalty discounts or referral bonuses\nThis strategy can help retain customers without a race to the bottom.\n"
"How do we handle negative reviews?","Address negative reviews by:\n- Responding promptly and empathetically\n- Offering solutions or compensation if appropriate\n- Using feedback to identify product or service improvements\nThis approach can rebuild trust and convert dissatisfied customers into loyal ones.\n"
"What steps can we take to improve overall customer satisfaction?","To improve satisfaction:\n- Ensure timely and helpful customer support\n- Offer easy returns and flexible payment options\n- Continuously gather and act on customer feedback\nSatisfied customers lead to better retention and positive word-of-mouth.\n"
"How can we optimize our inventory management?","Optimizing inventory includes:\n- Using sales forecasts to prevent overstocking or stockouts\n- Implementing just-in-time restocking for popular items\n- Regularly reviewing supplier performance and lead times\nEfficient inventory management reduces costs and improves customer satisfaction.\n"
"How do supply chain disruptions affect our sales?","Supply chain disruptions can lead to delayed shipments, stockouts, and potential revenue loss.\nTo mitigate this:\n- Diversify suppliers to reduce dependency on a single source\n- Maintain safety stock for high-demand products\n- Communicate transparently with customers about delays\nThese measures help maintain stability during unpredictable events.\n"
"Can we boost revenue by bundling products?","Product bundling can increase average order value by:\n- Pairing complementary items at a slight discount\n- Encouraging customers to discover new products\n- Simplifying the shopping experience\nThis strategy can enhance value perception and drive higher sales.\n"
"How do we effectively upsell to customers?","Effective upselling involves:\n- Suggesting premium versions of products\n- Highlighting add-ons or accessories\n- Using personalized recommendations based on past purchases\nUpselling increases revenue while improving the customer experience.\n"
"How should we adjust pricing during currency fluctuations?","During currency fluctuations:\n- Monitor exchange rates and update prices regularly\n- Consider hedging strategies or multi-currency pricing\n- Communicate price changes transparently to customers\nThis ensures profit margins are protected while maintaining customer trust.\n"
"How can we refine our pricing strategy?","To refine pricing:\n- Conduct A/B tests to find the optimal price point\n- Consider psychological pricing (e.g., €9.99 vs. €10)\n- Align prices with your brand positioning and value proposition\nA strategic pricing approach maximizes revenue and maintains customer satisfaction.\n"
"How do we identify weaknesses in our conversion funnel?","Analyze funnel metrics at each stage (awareness, consideration, conversion):\n- Identify high drop-off points\n- Review page load times and UX issues\n- Examine cart abandonment and checkout friction\nAddressing bottlenecks leads to a more seamless customer journey and higher conversions.\n"
"How can we improve conversion rates at checkout?","To improve checkout conversion:\n- Minimize required form fields\n- Offer popular payment methods and currencies\n- Provide clear shipping costs upfront\nA frictionless checkout experience reduces cart abandonment and increases sales.\n"